<?xml version="1.0" encoding="UTF-8"?>
<rss version="2.0" xmlns:atom="http://www.w3.org/2005/Atom">
    <channel>
        <title>CareConnect-Unstructured-Document-API</title>
        <description>This implementation guide supports the publishing of Digital Child Health (DCH) event messages held across settings through the use of nationally defined messaging components.</description>
        <link>http://localhost:4005/</link>
        <atom:link href="http://localhost:4005/feed.xml" rel="self" type="application/rss+xml"/>
        <pubDate>Tue, 16 Oct 2018 14:42:39 +0100</pubDate>
        <lastBuildDate>Tue, 16 Oct 2018 14:42:39 +0100</lastBuildDate>
        <generator>Jekyll v3.6.2</generator>
        
    </channel>
</rss>
